Codes,Names,Borough,health,population per square kilometre,life expectancy,travel by bicycle,area of greenspace,unemployment rate,"homes with access to open space, nature, and greenspace",crime rate,deliberate fires,subjective well-being average score
E09000001,City of London,City of London,0.88,2437.64,83.7,5.3,4.83,9.5,0.14,16.99,0.135135135,7.655962548
E05000026,Abbey,Barking and Dagenham,0.87,11960.13,82.13,0.8,19.85,8.91,1.01,151.9,1.010816058,7.789196612
E05000027,Alibon,Barking and Dagenham,0.82,8277.74,78.3,1,22.92,10.2,0.67,117.57,0.670123764,7.553030303
E05000028,Becontree,Barking and Dagenham,0.8,11750.78,78.72,1.6,5.87,9.93,0.78,130.94,0.77501847,7.551140718
E05000029,Chadwell Heath,Barking and Dagenham,0.78,3316.57,80.34,1.2,64.32,8.59,1.79,116.63,1.785767535,7.551140718
E05000030,Eastbrook,Barking and Dagenham,0.79,3213.67,78.17,1.6,45.75,8.29,1.14,81.61,1.135552793,7.553030303
E05000031,Eastbury,Barking and Dagenham,0.8,8537.02,81.64,1.5,15.76,10.2,1.54,105.04,1.539502449,7.789196612
E05000032,Gascoigne,Barking and Dagenham,0.83,12949.74,79.03,1.4,19.57,12.19,2.24,139.04,2.235539767,7.789196612
E05000033,Goresbrook,Barking and Dagenham,0.8,9755.47,79.57,1.7,19.14,9.48,0.88,110.81,0.882379046,7.789196612
E05000034,Heath,Barking and Dagenham,0.8,5982.54,77.99,1.6,39.92,11.85,1.57,99.1,1.566938624,7.551140718
E05000035,Longbridge,Barking and Dagenham,0.84,7510.98,81.55,1.1,22.44,5.34,0.95,103.63,0.952774105,7.789196612
E05000036,Mayesbrook,Barking and Dagenham,0.79,6176.66,78.39,1.6,35.8,9.28,1.54,107.25,1.538080016,7.553030303
E05000037,Parsloes,Barking and Dagenham,0.79,8476.27,79.51,1.2,20.37,9.46,1.52,101,1.515666944,7.553030303
E05000038,River,Barking and Dagenham,0.86,3379.22,75.91,1.4,16.85,8.46,1,78.66,1.001184764,7.553030303
E05000039,Thames,Barking and Dagenham,0.77,1968.67,78.81,2.1,41.59,8.73,4.54,87.36,4.540888055,7.789196612
E05000040,Valence,Barking and Dagenham,0.79,9037.12,77.5,1.5,17.15,9.28,1.61,100.84,1.612123597,7.551140718
E05000041,Village,Barking and Dagenham,0.8,5303.74,78.32,2.4,46.48,11.87,2.12,128.92,2.119779255,7.553030303
E05000042,Whalebone,Barking and Dagenham,0.82,8019.95,81.53,1,16.92,6.75,1.41,100.67,1.410179391,7.551140718
E05000043,Brunswick Park,Barnet,0.83,5318.21,82.86,1,27.9,3.84,0.79,65.71,0.790502068,7.3571298
E05000044,Burnt Oak,Barnet,0.82,9765.02,78.43,0.8,24.68,6.76,0.93,78.75,0.930286357,7.343684483
E05000045,Childs Hill,Barnet,0.86,7249.92,80.1,2.5,13.73,6.16,0.45,117.86,0.447501384,7.385812172
E05000046,Colindale,Barnet,0.95,10411.43,82.62,1,31.81,4.65,1.11,62.23,1.10777836,7.343684483
E05000047,Coppetts,Barnet,0.94,6605.15,79.94,2,32.33,4.73,1.62,104.1,1.618130415,7.3571298
E05000048,East Barnet,Barnet,0.84,4521.59,82.68,0.9,35.76,4.06,0.62,77.26,0.617762853,7.393772861
E05000049,East Finchley,Barnet,0.84,6864.5,83.96,3.1,39.47,4.03,1.87,84.62,1.870443272,7.3571298
E05000050,Edgware,Barnet,0.84,3661.69,84.45,0.7,53.09,4.22,0.89,98.3,0.893905951,7.343684483
E05000051,Finchley Church End,Barnet,0.86,6268,85.71,1.4,16.99,3.19,0.25,55.67,0.253740736,7.3571298
E05000052,Garden Suburb,Barnet,0.89,3552.31,85.58,2.5,28.01,1.94,0.31,90.99,0.312914783,7.385812172
E05000053,Golders Green,Barnet,0.87,7063.8,82.04,1.7,18.65,4.62,0.53,85.4,0.529750195,7.385812172
E05000054,Hale,Barnet,0.81,3408.89,83.43,0.8,52.65,3.96,0.63,72.58,0.628876703,7.343684483
E05000055,Hendon,Barnet,0.86,7069.72,82.67,1.2,21.78,4.65,0.38,75.12,0.377771081,7.385812172
E05000056,High Barnet,Barnet,0.83,1916.6,82.05,1.6,61.84,2.71,0.91,88.92,0.911764214,7.393772861
E05000057,Mill Hill,Barnet,0.86,2266.65,84.83,1,61.54,3.78,0.43,81.07,0.432229761,7.343684483
E05000058,Oakleigh,Barnet,0.93,5057.88,82,1,17.79,3.53,0.13,74.25,0.126100046,7.393772861
E05000059,Totteridge,Barnet,0.86,1912.41,83.46,1.1,63.08,2.46,0.46,56.15,0.460332965,7.393772861
E05000060,Underhill,Barnet,0.81,3632.25,81.55,0.8,48.62,5.23,1.25,71.96,1.252760184,7.393772861
E05000061,West Finchley,Barnet,0.85,8196.21,82.1,1.7,15.83,3.3,0.36,76.38,0.361779683,7.3571298
E05000062,West Hendon,Barnet,0.83,5944.54,81.95,1.3,30.06,5.2,0.46,103.46,0.458284756,7.385812172
E05000063,Woodhouse,Barnet,0.83,7180.32,81.25,2,21.82,4.59,0.51,105.76,0.51049532,7.3571298
E05000064,Barnehurst,Bexley,0.82,3872.47,82.78,1,38.36,3.37,0.77,52.42,0.765252975,7.843968702
E05000065,Belvedere,Bexley,0.82,4316.36,82.19,1.2,31.86,6.05,1.01,75.92,1.005770248,7.822060383
E05000066,Blackfen and Lamorbey,Bexley,0.84,6551.87,84.99,1.4,9.54,2.04,0.19,38.63,0.187745043,7.835642035
E05000067,Blendon and Penhill,Bexley,0.84,5310.77,84.27,1.2,14.13,2.39,0.64,51.21,0.639400074,7.835642035
E05000071,Crayford,Bexley,0.81,3441.53,81.3,1,45.3,4.85,1.07,51.52,1.065259954,7.835642035
E05000072,Cray Meadows,Bexley,0.81,1687.5,82.19,1.5,66.87,4.05,0.8,43.65,0.800299472,7.835642035
E05000074,East Wickham,Bexley,0.82,5254.03,82.19,1.2,29.67,4.22,0.64,61.42,0.642462222,7.843968702
E05000075,Erith,Bexley,0.83,2996.43,80.66,1,7.38,6.44,2.32,72.62,2.315060088,7.822060383
E05000076,Falconwood and Welling,Bexley,0.84,6638.44,82.32,1.1,5.66,2.99,0.37,62.16,0.369092847,7.843968702
E05000077,Lesnes Abbey,Bexley,0.95,5139.24,81.97,1.1,37.9,5.31,1.14,84.46,1.1418261,7.822060383
E05000078,Longlands,Bexley,0.82,4206.79,81.02,1.3,34.43,2.79,0.38,43.31,0.381747055,7.835642035
E05000079,North End,Bexley,0.82,2300.58,78.38,1.3,53.99,8.59,2.33,92.63,2.326376323,7.822060383
E05000080,Northumberland Heath,Bexley,0.82,6207.6,82.11,1.2,15.97,3.53,0.66,56.37,0.658223704,7.822060383
E05000083,Sidcup,Bexley,0.81,4458.92,80.68,1.2,816.03,1.99,0.28,47.28,0.275696428,7.835642035
E05000084,Thamesmead East,Bexley,0.85,2782.3,78.03,1.3,2302.36,9.46,2.22,67.72,2.224811357,7.822060383
E05000085,Alperton,Brent,0.84,8254.13,81.58,1.7,349.33,4.63,0.64,95.78,0.640051704,7.370893963
E05000086,Barnhill,Brent,0.83,5579.83,79.12,0.5,981.34,6.79,0.25,91.12,0.25281384,7.375101879
E05000087,Brondesbury Park,Brent,0.83,7914.63,82.94,4.8,197.52,5.43,0.15,128.99,0.153089913,7.635363297
E05000088,Dollis Hill,Brent,0.82,6426.89,85.59,1.5,503.27,8.09,0.59,85.12,0.594023074,7.635363297
E05000091,Harlesden,Brent,0.83,15248.43,79.17,3.5,92.87,23.51,0.76,168.83,0.755097578,7.375101879
E05000092,Kensal Green,Brent,0.83,13756.47,83.08,5.4,93.71,12.96,0.27,146.4,0.267340254,7.375101879
E05000093,Kenton,Brent,0.82,5508.89,86.36,0.7,352.04,2.56,0,80.51,0,7.370893963
E05000094,Kilburn,Brent,0.82,19582.63,80.65,5.8,108.68,13.05,0.18,151.59,0.176027719,7.635363297
E05000095,Mapesbury,Brent,0.85,11746.77,80.83,3.5,124.27,7.39,0.19,129.28,0.19257743,7.635363297
E05000096,Northwick Park,Brent,0.85,4780.02,82,1,793.2,3.11,0.23,65.79,0.233434932,7.370893963
E05000097,Preston,Brent,0.85,6782.46,82.89,1.1,431.39,4.9,0.06,92.69,0.064420639,7.370893963
E05000098,Queens Park,Brent,0.85,10839.49,82.17,7.4,264.16,6.73,0.2,126.89,0.195702828,7.635363297
E05000099,Queensbury,Brent,0.82,9110.73,82.53,0.5,336.99,4.3,0.26,99.72,0.263106558,7.370893963
E05000100,Stonebridge,Brent,0.8,4723.06,79.69,2,926.38,13.67,1,89.36,1.002565492,7.375101879
E05000101,Sudbury,Brent,0.84,7582.63,82.08,1.1,719.78,5.88,0.47,98.95,0.466750154,7.370893963
E05000102,Tokyngton,Brent,0.81,6404.12,80.25,1.2,516.5,4.88,0.13,98.68,0.131988742,7.370893963
E05000103,Welsh Harp,Brent,0.82,6190.31,81.83,1.2,518.15,7.47,0.22,104.77,0.217446005,7.375101879
E05000104,Wembley Central,Brent,0.83,10559.58,82.57,1.2,345.28,6.21,0.68,146.23,0.676882577,7.370893963
E05000105,Willesden Green,Brent,0.84,10855.85,78.96,3.1,495.48,8.74,1.15,144.42,1.15116504,7.635363297
E05000106,Bickley,Bromley,0.85,3341.96,80.75,1.3,1077.03,2.15,0.59,54.59,0.593787043,7.82732393
E05000107,Biggin Hill,Bromley,0.85,1298.6,83.84,0.5,5749.71,2.66,0.6,59.78,0.600609438,8.157906734
E05000108,Bromley Common and Keston,Bromley,0.84,2142.65,83.42,1.5,5009.89,3.84,1.05,60.43,1.054573682,8.157906734
E05000109,Bromley Town,Bromley,0.86,5195.27,80.91,1.7,756.49,3.43,0.89,88.52,0.8880103,7.82732393
E05000110,Chelsfield and Pratts Bottom,Bromley,0.86,1217.96,83.88,1,8984.21,2.08,0.48,45.67,0.480649016,7.583747282
E05000111,Chislehurst,Bromley,0.85,1606.37,82,1.2,6154.71,2.85,1.48,85.72,1.47761018,7.82732393
E05000112,Clock House,Bromley,0.85,7408.21,81.9,2.1,419.54,3.79,0.58,75.64,0.576156605,7.635500083
E05000113,Copers Cope,Bromley,0.86,5090.69,81.34,1.7,779.77,3,0.39,96.49,0.388296811,7.635500083
E05000116,Crystal Palace,Bromley,0.82,5895.33,78.24,3.2,889.51,7.92,4.23,154.42,4.226663335,7.635500083
E05000117,Darwin,Bromley,0.84,191.36,82.84,0.9,26113.24,1.63,1.56,66.42,1.55946889,8.157906734
E05000118,Farnborough and Crofton,Bromley,0.84,2173.41,84.66,1.1,3528.01,2.31,0.75,39.81,0.748853081,7.583747282
E05000119,Hayes and Coney Hall,Bromley,0.86,1539.06,83.25,1.6,7220.57,2.42,1.13,47.46,1.127247175,8.157906734
E05000120,Kelsey and Eden Park,Bromley,0.86,3232.69,85.14,1.8,2175.4,2.89,0.69,88.47,0.689480134,7.635500083
E05000121,Mottingham and Chislehurst North,Bromley,0.8,4333.2,80.06,1.1,1052.25,7.13,1,135.24,0.997407383,7.82732393
E05000122,Orpington,Bromley,0.82,3687.27,82.8,1,952.82,4.76,0.85,84.47,0.845760551,7.583747282
E05000123,Penge and Cator,Bromley,0.83,6181.26,80.56,2.5,729.75,7.42,2.53,116.16,2.529659076,7.635500083
E05000124,Petts Wood and Knoll,Bromley,0.86,3360.76,86.07,0.9,961.98,2.05,0.15,51.73,0.145939602,7.583747282
E05000125,Plaistow and Sundridge,Bromley,0.83,4117.21,80.11,1.9,1670.28,4.56,0.79,81.35,0.790459532,7.82732393
E05000126,Shortlands,Bromley,0.87,4240.23,86.15,1.4,220.7,1.62,0.1,40.02,0.101395639,7.635500083
E05000127,West Wickham,Bromley,0.86,3458.19,83.35,1.2,1390.12,2.25,0.33,51.5,0.334624682,8.157906734
E05000128,Belsize,Camden,0.89,18529.49,85.58,4.9,49.86,3.21,0.24,88.2,0.23643867,7.731649684
E05000129,Bloomsbury,Camden,0.86,12024.49,82.28,5,90.38,4.18,0.37,75.18,0.367639121,7.503482145
E05000130,Camden Town with Primrose Hill,Camden,0.83,11968.27,82.45,8.6,164.27,5.43,0.32,252.46,0.317476041,7.731649684
E05000132,Fortune Green,Camden,0.87,13525.37,83.52,4.9,183.83,4.88,0.17,115.63,0.170541964,7.633687418
E05000133,Frognal and Fitzjohns,Camden,0.89,8947.81,85.13,3.6,115.25,1.7,0.25,71.62,0.250562655,7.633687418
E05000134,Gospel Oak,Camden,0.8,18522.43,81.31,8.7,76.68,6.25,0.71,93.57,0.71099526,7.731649684
E05000135,Hampstead Town,Camden,0.89,5064.49,84.68,4.3,1253.04,1.55,0.53,74.24,0.532962552,7.633687418
E05000136,Haverstock,Camden,0.8,19304.64,81.45,7.5,97.09,7.61,0.4,144.36,0.404837159,7.731649684
E05000137,Highgate,Camden,0.84,3726.4,84.29,11.7,1857.71,4.91,0.64,106.1,0.639668579,7.633687418
E05000138,Holborn and Covent Garden,Camden,0.82,12326.39,82.99,5.2,103.02,6.1,0.85,63.11,0.845572801,7.503482145
E05000139,Kentish Town,Camden,0.83,14700.39,77.21,10.8,68.46,5.69,0.67,105.36,0.671516132,7.731649684
E05000140,Kilburn,Camden,0.82,20199.71,80.65,4.4,108.68,13.05,0.58,160.15,0.582120725,7.633687418
E05000141,King's Cross,Camden,0.83,21429.51,81.48,7,93.05,7.47,0.42,87.81,0.422646849,7.503482145
E05000142,Regent's Park,Camden,0.83,11450.37,79.79,6.2,367.7,6.4,0.67,62.38,0.666006205,7.503482145
E05000145,West Hampstead,Camden,0.86,15691.09,83.26,4.5,81.61,4.41,0.08,116.1,0.083008402,7.633687418
E05000146,Addiscombe,Croydon,0.84,11345.45,80.69,1.4,150.19,4.96,0.65,91.26,0.649003241,7.568437302
E05000148,Bensham Manor,Croydon,0.84,11860.3,83.07,1.3,164.94,8.43,0.8,100.13,0.799291751,7.515675046
E05000149,Broad Green,Croydon,0.82,8059.24,80.92,1.3,410.47,8.37,1.66,170.3,1.65554156,7.568437302
E05000150,Coulsdon East,Croydon,0.85,1620.56,84.75,0.9,4838.36,3.81,0.57,48.99,0.569480057,7.947382419
E05000151,Coulsdon West,Croydon,0.82,3078.08,80.82,0.9,1411.37,2.71,0.3,51.68,0.296260532,7.947382419
E05000153,Fairfield,Croydon,0.85,6343.96,80.71,0.9,1233.75,4.07,0.84,144.44,0.841657772,7.568437302
E05000154,Fieldway,Croydon,0.85,7964.31,78.17,0.3,414.83,10.23,4.25,83.36,4.252025151,7.633344657
E05000155,Heathfield,Croydon,0.83,1529.05,83.49,0.6,5954.76,4.04,1.36,112.98,1.356984449,7.633344657
E05000156,Kenley,Croydon,0.85,2409.29,80.4,1.2,2590.08,3.88,0.2,54.16,0.199672987,7.947382419
E05000157,New Addington,Croydon,0.79,4559.31,78.42,0.3,840.2,7.92,3.41,103.3,3.412255627,7.633344657
E05000158,Norbury,Croydon,0.82,7144.05,81.52,1.8,553.52,6.37,0.79,94.26,0.785950817,7.515675046
E05000159,Purley,Croydon,0.88,3829.62,82.49,1.1,445.37,4.26,0.27,92.35,0.272773868,7.947382419
E05000160,Sanderstead,Croydon,0.86,2049.8,83.87,0.9,3303.75,2.79,0.31,52.05,0.311842208,7.947382419
E05000161,Selhurst,Croydon,0.81,8470.79,77.68,1.4,467.65,9.68,1.21,142.43,1.211601892,7.515675046
E05000162,Selsdon and Ballards,Croydon,0.81,1855.76,85.47,0.7,3517.95,2.78,0.25,55.99,0.254996665,7.633344657
E05000163,Shirley,Croydon,0.84,5158.57,83.62,1.1,602.1,4.65,1.11,56.42,1.114831532,7.633344657
E05000164,South Norwood,Croydon,0.82,7438.05,80.12,2,564.71,9.36,0.6,122.25,0.603040304,7.278810493
E05000165,Thornton Heath,Croydon,0.84,10354.55,79.26,1.3,239.88,11.14,1.08,117.2,1.084094294,7.515675046
E05000166,Upper Norwood,Croydon,0.85,6455.34,80.23,2.7,673.54,7.88,0.43,106.06,0.433572554,7.278810493
E05000167,Waddon,Croydon,0.82,5054.34,78.02,1.4,1079.5,6.42,0.58,85.32,0.58330033,7.568437302
E05000168,West Thornton,Croydon,0.83,9696.56,80.92,1.4,404.11,7.7,1.08,122.61,1.082162359,7.515675046
E05000169,Woodside,Croydon,0.83,7881.86,80.65,1.5,697.73,8.21,0.54,109.59,0.535442738,7.278810493
E05000170,Acton Central,Ealing,0.84,8903.66,82.22,5.8,305.92,6.81,0.19,131.93,0.193976514,7.728323224
E05000172,Dormers Wells,Ealing,0.8,6298.8,80.44,1.2,972.25,8.82,0.36,105.02,0.358552083,8.106277621
E05000173,Ealing Broadway,Ealing,0.87,8371.57,82.23,3,174.81,3.45,0.78,127.12,0.782123519,7.989558244
E05000174,Ealing Common,Ealing,0.85,6575.23,81.11,4.2,407.33,4.58,0.43,123.43,0.426917139,7.989558244
E05000175,East Acton,Ealing,0.84,4602.06,81.82,4.9,849.11,7.59,1.17,92.26,1.173143467,7.728323224
E05000177,Greenford Broadway,Ealing,0.83,7272.01,79.55,1.7,759.38,7.27,0.85,125.3,0.848929272,7.667606564
E05000178,Greenford Green,Ealing,0.83,4302.28,80.81,1.5,873.2,4.53,0.42,76.5,0.417098848,7.667606564
E05000179,Hanger Hill,Ealing,0.87,4893.71,84.63,2.3,893.75,3.13,0,72,0,7.728323224
E05000181,Lady Margaret,Ealing,0.81,8923.33,80.99,1,225.83,6.44,0.36,93.2,0.358887492,8.106277621
E05000182,Northfield,Ealing,0.88,8906.19,82.75,4.6,294.23,2.44,0.15,71.56,0.147590722,7.989558244
E05000183,North Greenford,Ealing,0.84,4586.51,83.44,1.2,1660.22,3.76,0.61,88.37,0.610169718,7.667606564
E05000184,Northolt Mandeville,Ealing,0.83,5644.26,82.1,1,1005.27,7.33,1.25,114.77,1.24826095,7.667606564
E05000185,Northolt West End,Ealing,0.81,4198.99,79.51,1.1,2110.51,9.12,1.45,148.52,1.451281112,7.667606564
E05000186,Norwood Green,Ealing,0.79,3814.71,79.06,1.7,1649.65,10.07,1,90.52,0.995217113,8.106277621
E05000187,Perivale,Ealing,0.83,4631.8,82.93,2.5,1286.24,4.84,0.33,89.14,0.325148932,7.667606564
E05000188,South Acton,Ealing,0.81,10132.05,79.67,4.3,297.46,7.15,0.34,105.27,0.335336481,7.728323224
E05000189,Southall Broadway,Ealing,0.81,8374.85,79.56,1,488.33,8.2,0.67,168.6,0.668013026,8.106277621
E05000190,Southall Green,Ealing,0.81,10277.6,79.87,1.3,181.34,10.39,0.68,113.87,0.684197747,8.106277621
E05000191,Southfield,Ealing,0.88,9584.67,81.87,6.2,142.15,3.04,0.15,92.68,0.148061733,7.728323224
E05000192,Walpole,Ealing,0.88,9136.43,81.57,5.1,265.07,3.59,0.22,113.41,0.224491799,7.989558244
E05000193,Bowes,Enfield,0.8,10161.62,83.02,2.1,239.4,6.6,0.43,83.89,0.42506512,7.359744244
E05000194,Bush Hill Park,Enfield,0.83,5788.99,83.39,1.6,684.1,3.86,0.36,76.3,0.357477435,7.359744244
E05000196,Cockfosters,Enfield,0.82,1456.14,84.37,0.7,7087.41,3.92,0.65,64.54,0.649759573,7.359744244
E05000197,Edmonton Green,Enfield,0.8,6085.33,80.23,1.2,1107.05,19.28,1.5,111.57,1.497390104,7.420989432
E05000198,Enfield Highway,Enfield,0.82,3646.69,82.85,1.7,1214.07,9.91,1.43,75.81,1.428522389,7.204568524
E05000199,Enfield Lock,Enfield,0.82,5642.26,79.1,1.7,1318.56,10.63,0.85,74.89,0.846198514,7.204568524
E05000200,Grange,Enfield,0.86,4194.16,85.62,1.2,898.91,3.39,0.39,77.97,0.391624701,7.204568524
E05000201,Haselbury,Enfield,0.8,9714.52,81.41,1.1,453.18,10.53,0.92,87.64,0.918125499,7.420989432
E05000202,Highlands,Enfield,0.79,2741.75,84.6,1.2,2932.38,3.03,0.69,43.72,0.688827079,7.359744244
E05000203,Jubilee,Enfield,0.8,3824.4,80.19,1,1280.95,9.07,1.18,72.43,1.178846278,7.420989432
E05000204,Lower Edmonton,Enfield,0.8,8067.13,79.91,1.2,411.81,11.13,0.96,79.45,0.963456939,7.420989432
E05000205,Palmers Green,Enfield,0.84,8411.13,82.58,1.5,320.31,5.45,0.85,96.03,0.853489755,7.359744244
E05000206,Ponders End,Enfield,0.81,4839.77,79.84,1.4,616.4,13.05,1.14,92.22,1.14388215,7.420989432
E05000207,Southbury,Enfield,0.84,5622.56,81.24,2,885.93,7.88,0.96,87.46,0.960708902,7.204568524
E05000208,Southgate,Enfield,0.83,5984.02,81.82,0.8,666.67,4.19,0.62,55.04,0.619820465,7.359744244
E05000209,Southgate Green,Enfield,0.83,5846.01,81.75,1.5,531.01,4.32,0.87,84.82,0.866408935,7.359744244
E05000210,Town,Enfield,0.84,7118.23,83.02,1.6,413.37,3.91,0.93,57.22,0.93492844,7.204568524
E05000212,Upper Edmonton,Enfield,0.8,7367.03,77.23,1.3,759.45,11.74,2.23,109.94,2.234478818,7.420989432
E05000213,Winchmore Hill,Enfield,0.86,5190.79,81.01,1.4,689.96,3.8,0.52,70.41,0.519885224,7.359744244
E05000214,Abbey Wood,Greenwich,0.82,6231.06,78.6,1,1098.65,8.72,2.41,100.03,2.410834788,7.877755047
E05000215,Blackheath Westcombe,Greenwich,0.85,6452.29,80.23,4.8,443.55,3.27,1.32,106.73,1.315515057,7.73092283
E05000216,Charlton,Greenwich,0.81,7640.12,77.12,3.1,695.06,7.28,0.55,80.84,0.554082279,7.73092283
E05000217,Coldharbour and New Eltham,Greenwich,0.81,5365.63,80.87,1.2,460.49,4.77,0.61,75.94,0.610203153,7.673856119
E05000218,Eltham North,Greenwich,0.83,5060.39,82.03,2.2,630.98,3.95,0.56,76.6,0.557086379,7.673856119
E05000219,Eltham South,Greenwich,0.83,2788.63,82.04,1.6,2415.83,4.99,0.95,95.96,0.953329908,7.673856119
E05000220,Eltham West,Greenwich,0.82,5741.96,78.77,1.5,684.71,6.07,1.44,105.67,1.437122605,7.673856119
E05000221,Glyndon,Greenwich,0.83,11430.16,76.24,1.3,332.04,10.09,3.02,79.73,3.015629623,7.877755047
E05000222,Greenwich West,Greenwich,0.86,7994.28,80.48,4.2,1036.94,5.19,0.48,130.67,0.482269836,7.73092283
E05000223,Kidbrooke with Hornfair,Greenwich,0.79,6320.02,80.73,2.8,685.1,6.87,0.91,96.95,0.905735634,7.73092283
E05000224,Middle Park and Sutcliffe,Greenwich,0.79,4151.04,80.15,2.8,1183.75,8.1,0.81,89.47,0.811506936,7.673856119
E05000225,Peninsula,Greenwich,0.9,4652.83,80.47,4.3,519.39,4.24,0.64,139.58,0.638159759,7.73092283
E05000226,Plumstead,Greenwich,0.82,7717.57,79.61,0.9,880.12,10.56,2.62,109.6,2.619359745,7.877755047
E05000227,Shooters Hill,Greenwich,0.85,3645.24,82.43,2.2,2138.31,5.72,1.93,68.74,1.928388233,7.673856119
E05000228,Thamesmead Moorings,Greenwich,0.86,4309.29,77.04,1,1621.44,9.28,2.73,92.47,2.726847272,7.877755047
E05000229,Woolwich Common,Greenwich,0.84,8087.02,78.17,2.5,1151.24,13.22,1.54,87.84,1.537250605,7.877755047
E05000230,Woolwich Riverside,Greenwich,0.81,6837.56,77.23,1.6,480.54,10.42,1.77,108,1.771679536,7.877755047
E05000231,Brownswood,Hackney,0.86,17491.08,79.96,10.8,118.73,5.85,0.36,146.89,0.359295957,7.399268582
E05000232,Cazenove,Hackney,0.86,21470.76,82.99,12.4,46.01,9.65,0.6,71.33,0.595124172,7.381373522
E05000234,Clissold,Hackney,0.84,18743.59,80.54,18.9,76.69,5.32,0.33,115.33,0.3263144,7.399268582
E05000235,Dalston,Hackney,0.86,18020.5,79.97,18.3,111.13,11.56,0.54,206.92,0.541176269,7.399268582
E05000236,De Beauvoir,Hackney,0.86,18772.78,78.59,14.1,99.52,9.03,0.8,119.55,0.803240966,7.583671763
E05000237,Hackney Central,Hackney,0.81,18655.13,78.83,16.9,100.23,10.82,0.56,124.52,0.555759089,7.485612846
E05000238,Hackney Downs,Hackney,0.81,13738.7,79.08,17.7,266.28,11.22,0.23,108.78,0.231306678,7.381373522
E05000239,Haggerston,Hackney,0.81,13956.56,79.03,11.9,259.61,10.38,1.43,135.33,1.433023395,7.583671763
E05000240,Hoxton,Hackney,0.83,21407.63,79.28,10.4,196.73,9.1,0.85,86.83,0.853505485,7.583671763
E05000241,King's Park,Hackney,0.8,6869.35,80.96,13.4,1070.06,13.28,0.54,84.42,0.538603999,7.485612846
E05000242,Leabridge,Hackney,0.82,14633.46,77.2,15.9,231.64,11.34,0.92,106.67,0.922508172,7.381373522
E05000246,Springfield,Hackney,0.84,14160.71,82.8,6.9,280.12,10.56,0.72,72.28,0.724361026,7.381373522
E05000247,Stoke Newington Central,Hackney,0.84,18646.07,80.61,18.8,47.35,8.14,0.56,138.74,0.560358783,7.399268582
E05000248,Victoria,Hackney,0.82,17740.05,79.97,15.8,95.75,12.01,0.68,145.55,0.677661611,7.485612846
E05000249,Wick,Hackney,0.8,7849.26,77.08,14.6,548.51,11.78,0.93,114.72,0.933919934,7.485612846
E05000250,Addison,Hammersmith and Fulham,0.86,20197.11,82.36,7.5,12.86,4.39,0.09,147.74,0.086864896,7.866022729
E05000252,Avonmore and Brook Green,Hammersmith and Fulham,0.86,13131.84,81.79,6.3,115.98,4.38,0.41,66.12,0.409507968,7.866022729
E05000253,College Park and Old Oak,Hammersmith and Fulham,0.81,2653.2,79.13,4.7,1645.73,7.91,2.4,57.71,2.399042736,7.866022729
E05000254,Fulham Broadway,Hammersmith and Fulham,0.91,17608.7,78.66,7.8,49.89,4.63,0.36,142.52,0.363954117,7.730176226
E05000255,Fulham Reach,Hammersmith and Fulham,0.86,13056.69,80.96,8,151.39,3.67,0.27,82.8,0.265481126,7.730176226
E05000256,Hammersmith Broadway,Hammersmith and Fulham,0.8,11550.72,78.64,7.3,79.76,5.46,0.42,104.4,0.419571361,7.730176226
E05000257,Munster,Hammersmith and Fulham,0.89,17479.94,82.06,8.7,63.83,2.63,0,114.08,0,7.730176226
E05000258,North End,Hammersmith and Fulham,0.86,17393.42,78.38,6.2,2514.7,8.59,0.95,115.71,0.949659898,7.730176226
E05000259,Palace Riverside,Hammersmith and Fulham,0.89,4946.66,83,9.8,367.19,1.65,0.27,102.93,0.267408758,7.730176226
E05000260,Parsons Green and Walham,Hammersmith and Fulham,0.91,12295.1,82.42,6.5,104.04,2.74,0.09,129.64,0.092528426,7.730176226
E05000261,Ravenscourt Park,Hammersmith and Fulham,0.84,8782.79,79.25,8.4,146.87,3.15,0.37,135.69,0.371074592,7.866022729
E05000262,Sands End,Hammersmith and Fulham,0.86,10310.09,80.98,7.7,218.91,4.1,0.78,79.38,0.784098643,7.730176226
E05000263,Shepherd's Bush Green,Hammersmith and Fulham,0.82,11175.26,79.88,7.9,108.71,7.6,0.58,174.43,0.575241813,7.866022729
E05000264,Town,Hammersmith and Fulham,0.84,16815.38,83.02,6.9,413.37,3.91,0.18,123.03,0.178646526,7.730176226
E05000265,Wormholt and White City,Hammersmith and Fulham,0.83,14807.52,81.44,6.3,126.02,9.72,0.37,110.4,0.37363129,7.866022729
E05000266,Alexandra,Haringey,0.86,4896.67,82.55,4.6,1186.18,3.39,0.59,139.86,0.592138531,7.454470569
E05000267,Bounds Green,Haringey,0.84,10979.05,79.38,2.6,226.94,8.2,0.44,109.89,0.436176361,7.478363578
E05000268,Bruce Grove,Haringey,0.79,16674.54,80.1,4.5,51.63,14.65,0.55,125.39,0.551130801,7.399974575
E05000269,Crouch End,Haringey,0.89,9543.06,82.84,7.6,272.97,3.11,0.32,104.82,0.321985776,7.454470569
E05000270,Fortis Green,Haringey,0.87,7025.58,81.97,5.1,496.5,3.19,1.44,92.29,1.438145551,7.454470569
E05000271,Harringay,Haringey,0.84,9486.56,80.99,6.8,467.15,8.91,0.08,139.13,0.075177323,7.454470569
E05000272,Highgate,Haringey,0.84,5210.08,84.29,5.9,1857.71,4.91,0.51,98.1,0.514659607,7.454470569
E05000273,Hornsey,Haringey,0.84,12784.83,80.15,6.9,122.91,8.41,0.79,88.85,0.788177127,7.454470569
E05000274,Muswell Hill,Haringey,0.89,7438.26,83.18,6.6,469.54,2.98,0.37,98.75,0.370086582,7.454470569
E05000275,Noel Park,Haringey,0.8,12606.5,81.03,3.2,98.08,11.62,1.72,220.37,1.717919664,7.478363578
E05000276,Northumberland Park,Haringey,0.79,8887.41,79.11,2.2,460.54,20.64,0.97,111.42,0.968088429,7.478363578
E05000278,Seven Sisters,Haringey,0.81,13842.88,79.83,5.3,261.61,10.15,0.25,101.87,0.249938233,7.399974575
E05000279,Stroud Green,Haringey,0.86,11724.2,81.5,9,192.18,5.51,0.42,109.7,0.424287049,7.454470569
E05000281,Tottenham Hale,Haringey,0.81,9797.49,79.62,2.3,533.65,11.53,2.65,137.51,2.649371813,7.399974575
E05000282,West Green,Haringey,0.81,10454.22,81.19,4.2,463.63,11.72,0.97,112.7,0.969996599,7.399974575
E05000283,White Hart Lane,Haringey,0.79,8144.96,78.35,2.2,496.74,14.32,1.26,107.22,1.262884984,7.478363578
E05000284,Woodside,Haringey,0.83,10800.94,80.65,2.2,697.73,8.21,0.69,85.69,0.687442073,7.478363578
E05000285,Belmont,Harrow,0.85,6554.81,84.5,0.5,274.54,2.86,0.35,70.15,0.350523086,7.46165132
E05000286,Canons,Harrow,0.81,2600.78,84.54,0.5,3268.56,3.08,0.08,52.31,0.079704582,7.46165132
E05000287,Edgware,Harrow,0.84,9506.07,84.45,0.4,2923.16,4.22,0.26,76.93,0.255898698,7.46165132
E05000288,Greenhill,Harrow,0.85,9259.87,81.46,0.9,231.07,5.12,0.16,96.42,0.160063743,7.352077376
E05000289,Harrow on the Hill,Harrow,0.86,3707.13,82.01,1,1886.3,3.52,0.24,68.49,0.243030768,7.352077376
E05000290,Harrow Weald,Harrow,0.81,2572.46,83.02,0.6,2784.55,4.73,0.52,79.4,0.52425941,7.352077376
E05000291,Hatch End,Harrow,0.84,3322.16,83.88,0.6,976.32,2.19,0.09,63.33,0.092957621,7.352077376
E05000292,Headstone North,Harrow,0.85,3308.65,85.51,1,1580.7,2.38,0,55.52,0,7.372779301
E05000293,Headstone South,Harrow,0.85,8259.23,84.38,1.4,184.07,3.71,0,52.49,0,7.372779301
E05000294,Kenton East,Harrow,0.81,8690.87,83.11,0.2,114.03,3.76,0.62,60.78,0.624705593,7.46165132
E05000295,Kenton West,Harrow,0.83,6520.68,83.12,0.5,306.95,3.01,0.8,67.09,0.800676862,7.46165132
E05000296,Marlborough,Harrow,0.85,7921.02,83.04,1.4,216.04,6.14,0.41,74.88,0.405414733,7.352077376
E05000297,Pinner,Harrow,0.84,3176.76,84.77,0.9,1083.06,2.81,0.3,67.56,0.297425446,7.372779301
E05000298,Pinner South,Harrow,0.86,4590.74,86.21,0.9,528.61,1.94,0.29,51.38,0.286426619,7.372779301
E05000299,Queensbury,Harrow,0.82,7680.1,82.53,0.4,336.99,4.3,0.41,79.76,0.414717891,7.46165132
E05000300,Rayners Lane,Harrow,0.84,7475.16,84.29,0.7,188.6,2.98,0.09,59.44,0.089355973,7.372779301
E05000301,Roxbourne,Harrow,0.82,8689.91,82.23,0.7,332.45,5.34,0.39,68.84,0.387432118,7.372779301
E05000302,Roxeth,Harrow,0.85,7413.07,83.19,0.9,335.99,4.91,0.26,87.08,0.255679287,7.372779301
E05000303,Stanmore Park,Harrow,0.8,2727.11,83.29,0.9,2163.75,3,0.97,69.14,0.973724665,7.46165132
E05000304,Wealdstone,Harrow,0.83,10514.67,78.98,1,86.04,6.64,0.44,89.99,0.436192664,7.352077376
E05000305,West Harrow,Harrow,0.84,6885.6,83.12,1.2,309.18,4.02,0.1,58.12,0.0958253,7.372779301
E05000307,Cranham,Havering,0.82,2002.75,83.88,0.7,3824.26,2.6,0.56,48.93,0.557179493,7.736354628
E05000308,Elm Park,Havering,0.8,3649.85,82.04,1,1791.33,5.18,1.12,72.93,1.119901281,7.736354628
E05000309,Emerson Park,Havering,0.84,2672.77,82.3,0.6,1511.28,2.31,0.42,64.97,0.416294605,7.923058603
E05000310,Gooshays,Havering,0.77,2120.99,79.1,0.8,4980.88,8.84,3.12,106.93,3.122164204,7.71664998
E05000311,Hacton,Havering,0.83,5095.08,82.5,0.8,511.73,3.15,0.16,45.63,0.162647545,7.736354628
E05000312,Harold Wood,Havering,0.82,1945.37,81.48,0.8,4656.65,4.76,1.58,67,1.576588296,7.71664998
E05000313,Havering Park,Havering,0.8,1384.76,79.09,0.7,8001.77,6.2,0.84,69.8,0.843777929,7.71664998
E05000314,Heaton,Havering,0.77,4183.6,79.88,0.9,1819.99,8.92,1.27,88.06,1.269297817,7.71664998
E05000315,Hylands,Havering,0.83,4611.3,83.54,1,774.49,3.16,1,81.03,1.000887683,7.923058603
E05000316,Mawneys,Havering,0.81,4444.41,83.16,1.1,551.05,4.69,0.46,80.99,0.46327159,7.71664998
E05000318,Rainham and Wennington,Havering,0.81,778.17,81.2,0.8,12520.29,5.16,0.96,88.63,0.95868492,7.736354628
E05000321,South Hornchurch,Havering,0.81,2260.84,79.61,1.2,2900.06,7.19,1.47,94.89,1.472522294,7.736354628
E05000322,Squirrel's Heath,Havering,0.85,5360.54,82.77,0.7,391.15,3.85,0.45,64.25,0.45347526,7.923058603
E05000323,Upminster,Havering,0.83,589.33,81.61,0.7,18471.51,1.57,0.62,56.45,0.621642389,7.736354628
E05000324,Barnhill,Hillingdon,0.83,6747.05,79.12,1.2,981.34,6.79,1.48,134.34,1.478657222,7.155184976
E05000328,Charville,Hillingdon,0.83,4455.77,81.39,1.4,1548.35,3.96,1.02,84.1,1.024100748,7.155184976
E05000329,Eastcote and East Ruislip,Hillingdon,0.85,3583.79,85.36,1.2,1478.49,2.04,0.25,69.7,0.245673624,7.658076624
E05000330,Harefield,Hillingdon,0.82,521.81,80.07,1.4,11628.26,2.89,2.02,63.79,2.015792098,7.658076624
E05000331,Heathrow Villages,Hillingdon,0.85,588.1,80.71,1.4,12209.78,3.79,1.71,67.1,1.711679976,7.719682902
E05000332,Hillingdon East,Hillingdon,0.84,3851.98,80.35,1.5,1927.63,4.32,0.62,91.88,0.616347776,7.460166286
E05000333,Ickenham,Hillingdon,0.85,1784.6,84.55,1.6,3261.74,1.47,0.57,55.63,0.57436587,7.658076624
E05000334,Manor,Hillingdon,0.86,6212.26,82.89,1.1,390.69,2.01,0.26,82.26,0.260703474,7.658076624
E05000335,Northwood,Hillingdon,0.83,1533.22,83.77,0.8,4626.55,2.44,0.09,64.4,0.094977844,7.658076624
E05000336,Northwood Hills,Hillingdon,0.84,3755.41,83.48,1,1202.75,2.65,0.77,66.43,0.772923427,7.658076624
E05000337,Pinkwell,Hillingdon,0.84,5936.59,81.18,1.1,958.99,6.18,1.55,112.89,1.548684914,7.719682902
E05000338,South Ruislip,Hillingdon,0.85,1821.75,81.25,2,4256.46,3.47,1.13,76.92,1.125891515,7.658076624
E05000340,Uxbridge North,Hillingdon,0.86,3271.1,81.67,1.5,1887.85,2.83,0.41,91.69,0.412650668,7.460166286
E05000341,Uxbridge South,Hillingdon,0.86,4997.75,80.31,2.1,865.29,3.85,0.43,70.67,0.426778617,7.460166286
E05000342,West Drayton,Hillingdon,0.83,5362.18,78.57,1.9,1150.63,5.21,1.94,101.83,1.937442267,7.719682902
E05000343,West Ruislip,Hillingdon,0.85,2788.38,82.4,1.5,2264.98,1.87,0.94,83.45,0.937068183,7.658076624
E05000344,Yeading,Hillingdon,0.84,6387.22,81.69,1.6,847.86,5.86,1.1,134.92,1.097809932,7.155184976
E05000345,Yiewsley,Hillingdon,0.83,3693.25,79.59,2.2,1665.42,5.06,2.68,100.48,2.681355013,7.719682902
E05000346,Bedfont,Hounslow,0.82,3082.53,79.66,3,2340.21,5.47,2.2,81.79,2.196395109,7.48624498
E05000347,Brentford,Hounslow,0.86,5769.69,81.94,5,1379.35,4,0.49,70.63,0.485898667,7.746910295
E05000348,Chiswick Homefields,Hounslow,0.88,5420.66,82.11,6.9,753.63,2.16,0.53,106.65,0.526864363,7.746910295
E05000349,Chiswick Riverside,Hounslow,0.88,5891.88,84.57,7,541.43,2.66,0.26,105.89,0.258936284,7.746910295
E05000350,Cranford,Hounslow,0.81,4969.15,79.95,1.8,878.53,6.04,0.4,95.12,0.404014805,7.461775288
E05000351,Feltham North,Hounslow,0.8,3492.61,77.06,2.9,1202.26,4.49,1.38,82.48,1.378604874,7.48624498
E05000352,Feltham West,Hounslow,0.87,5071.65,81.1,2.9,1546.88,4.39,2.24,107.1,2.24377568,7.48624498
E05000353,Hanworth,Hounslow,0.82,3852.05,81.81,3.5,1362.23,6.48,0.49,103.9,0.491797866,7.48624498
E05000354,Hanworth Park,Hounslow,0.84,3390,80.91,2.7,1739.25,3.76,0.96,89.41,0.960668444,7.48624498
E05000355,Heston Central,Hounslow,0.82,7848.07,80.35,1.5,309.39,4.57,0.24,107.24,0.243237429,7.461775288
E05000356,Heston East,Hounslow,0.83,6592.81,84.18,1.1,661.95,4.4,0.32,92.79,0.32350045,7.461775288
E05000357,Heston West,Hounslow,0.82,3515.4,80.58,1.2,1964.52,6.96,1.2,108.93,1.201520152,7.461775288
E05000358,Hounslow Central,Hounslow,0.88,10271.31,82.65,1.5,311.62,3.89,0.79,181.37,0.788160467,7.487639323
E05000359,Hounslow Heath,Hounslow,0.84,5607.1,82.1,2,1478.38,5.62,0.95,108.82,0.947118024,7.487639323
E05000360,Hounslow South,Hounslow,0.84,6825.43,85.18,3.5,385.71,2.96,0.61,83.38,0.611334464,7.487639323
E05000361,Hounslow West,Hounslow,0.82,9239.98,78.38,1.5,208.69,4.64,0.31,133.59,0.314836628,7.487639323
E05000362,Isleworth,Hounslow,0.85,6329.89,78.89,4.7,476.99,4.52,0.58,90.77,0.582291356,7.487639323
E05000363,Osterley and Spring Grove,Hounslow,0.86,2246.49,82.24,2.8,3583.29,2.92,0.61,64.61,0.611649457,7.461775288
E05000364,Syon,Hounslow,0.85,5447.05,77.62,4.4,1042.41,4.1,0.44,80.16,0.441036082,7.746910295
E05000366,Barnsbury,Islington,0.85,16680.72,79.13,9.7,123.16,4.78,0.33,147.16,0.327563879,7.554691762
E05000367,Bunhill,Islington,0.85,16752.07,79.45,7.3,132.82,6.31,0.96,45.58,0.955538226,7.493293817
E05000368,Caledonian,Islington,0.81,14181.02,80.06,8.2,163.55,6.05,0.5,83.16,0.50331477,7.554691762
E05000369,Canonbury,Islington,0.81,16596.03,80.38,9,106.94,6.47,0.66,146.03,0.662128377,7.493293817
E05000370,Clerkenwell,Islington,0.83,13552.94,82.48,8.4,108.87,5.1,0.87,66.12,0.869583743,7.493293817
E05000371,Finsbury Park,Islington,0.78,18144.1,77.34,8.2,71.63,9.34,0.9,192.2,0.904650534,7.822011109
E05000372,Highbury East,Islington,0.85,13720.12,80.33,12.9,163.19,4.45,0.69,119.91,0.687056366,7.822011109
E05000373,Highbury West,Islington,0.85,17292.05,79.98,10.2,107.14,5.86,0.8,72.62,0.797725925,7.822011109
E05000374,Hillrise,Islington,0.81,16156.36,78.86,8,147.12,7.36,0.51,104.48,0.508301706,7.380247901
E05000375,Holloway,Islington,0.82,16853.32,78.68,8.8,153.51,6.55,0.4,102.64,0.400114151,7.554691762
E05000376,Junction,Islington,0.81,12952.33,78.34,9.4,142.21,6.58,0.58,96.29,0.581626781,7.380247901
E05000377,Mildmay,Islington,0.82,17590.8,80.59,13.2,89.85,6.82,0.54,133.07,0.541461798,7.822011109
E05000381,Tollington,Islington,0.82,17218.42,78.95,9.5,90.79,7.61,1.2,128.64,1.200993729,7.380247901
E05000382,Abingdon,Kensington and Chelsea,0.9,17319.55,84.8,4.7,43.74,2.82,0,84.35,0,7.769917653
E05000383,Brompton,Kensington and Chelsea,0.91,9503.66,85.33,2.9,105.05,1.55,0.23,107.95,0.226768792,7.813124329
E05000384,Campden,Kensington and Chelsea,0.91,9224.78,88.55,5,216.59,1.31,0.12,100.62,0.122548872,7.769917653
E05000385,Colville,Kensington and Chelsea,0.83,20762.15,83.13,7.7,30.6,6.12,0.36,209.56,0.358912979,7.80120069
E05000386,Courtfield,Kensington and Chelsea,0.92,17697.1,86.51,3.7,52.94,2.7,0.11,115.72,0.112191277,7.813124329
E05000388,Earl's Court,Kensington and Chelsea,0.85,21572.98,83.27,3.8,36.97,4.97,0.11,133.26,0.110083993,7.769917653
E05000389,Golborne,Kensington and Chelsea,0.76,9768.18,81.71,5.9,300.11,11.89,0.11,125.62,0.112141062,7.80120069
E05000391,Holland,Kensington and Chelsea,0.88,9478.34,88.8,4.5,227.66,2.82,0,102.3,0,7.769917653
E05000392,Norland,Kensington and Chelsea,0.89,11799.17,83.64,5.8,89.54,4.99,0.23,88.28,0.231055833,7.80120069
E05000393,Notting Barns,Kensington and Chelsea,0.77,15035.31,80.94,7.4,60.71,8.95,0.21,106.71,0.210171894,7.80120069
E05000394,Pembridge,Kensington and Chelsea,0.9,15399.59,84.53,4.8,49.43,2.78,0.26,186.92,0.261706404,7.80120069
E05000395,Queen's Gate,Kensington and Chelsea,0.93,16047.93,88.92,4.1,34.07,1.59,0,63.84,0,7.769917653
E05000396,Redcliffe,Kensington and Chelsea,0.91,13396.25,85.05,5,162.96,2.78,0.22,111.74,0.216810097,7.769917653
E05000397,Royal Hospital,Kensington and Chelsea,0.88,8005.55,82.89,4.4,204.12,1.91,0,106.25,0,7.813124329
E05000399,Stanley,Kensington and Chelsea,0.86,12039.22,81.56,4,54.09,2.12,0.12,67.23,0.122414153,7.813124329
E05000400,Alexandra,Kingston upon Thames,0.86,3817.33,82.55,3.9,1186.18,3.39,0.65,62.77,0.647553731,7.510901849
E05000401,Berrylands,Kingston upon Thames,0.87,7354.68,80.78,4.6,152.2,2.32,0.42,45.98,0.422965052,7.510901849
E05000403,Canbury,Kingston upon Thames,0.9,12764.71,83.78,6.1,129.53,1.79,0.16,59.9,0.161299652,7.512590619
E05000404,Chessington North and Hook,Kingston upon Thames,0.85,4825.82,82.98,2.5,582.2,2.61,0.91,62.78,0.913287083,7.510901849
E05000405,Chessington South,Kingston upon Thames,0.85,1469.81,83.72,2.3,5659.87,2.12,1.27,56.88,1.267830716,7.510901849
E05000406,Coombe Hill,Kingston upon Thames,0.87,2569.84,83.1,3.2,1915.76,2.38,0.1,50.67,0.096348392,7.512590619
E05000407,Coombe Vale,Kingston upon Thames,0.86,6359.44,83.68,4.3,177.3,1.96,0,47.7,0,7.512590619
E05000408,Grove,Kingston upon Thames,0.87,6597.92,82.83,4.7,412.6,2.07,0.46,145.09,0.455445139,7.512590619
E05000409,Norbiton,Kingston upon Thames,0.85,8450.3,78.47,5.4,340.25,4.79,0.39,76.76,0.394926407,7.512590619
E05000410,Old Malden,Kingston upon Thames,0.85,5672.58,85.1,2.3,374.53,2.1,0.42,50.52,0.423234142,7.512590619
E05000413,Surbiton Hill,Kingston upon Thames,0.84,6961.54,81.4,3.7,132,1.75,0.19,46.77,0.190817535,7.510901849
E05000414,Tolworth and Hook Rise,Kingston upon Thames,0.85,4218.88,83.95,2.9,921.4,2.56,0.51,61.38,0.507413963,7.510901849
E05000415,Tudor,Kingston upon Thames,0.88,6554.01,86.09,7,235.78,1.92,0.52,55.37,0.520923105,7.512590619
E05000416,Bishop's,Lambeth,0.85,6713.82,79.52,6.4,186.35,6.64,0.41,71.15,0.411516826,7.694809178
E05000417,Brixton Hill,Lambeth,0.83,15048.72,77.96,10.1,90.64,7.75,0.38,121.79,0.376981311,7.593995653
E05000418,Clapham Common,Lambeth,0.91,10469.1,79.63,8.8,301.6,3.76,0.39,132.88,0.387237909,7.593995653
E05000419,Clapham Town,Lambeth,0.88,13724.11,76.66,8.6,168.93,5.01,1.3,249.58,1.29876142,7.593995653
E05000422,Gipsy Hill,Lambeth,0.83,9497.45,80.88,6.2,379.51,7.76,0.73,141.73,0.725901635,7.692148526
E05000423,Herne Hill,Lambeth,0.86,8132.38,80.89,12.5,645,8.15,0.46,95.85,0.461209655,7.593995653
E05000424,Knight's Hill,Lambeth,0.83,10568.91,76.58,4.9,234.13,8.7,0.4,116.82,0.404534169,7.692148526
E05000425,Larkhall,Lambeth,0.84,18520.3,77.55,8.1,180.54,7.12,0.46,157.54,0.461801924,7.694809178
E05000426,Oval,Lambeth,0.85,13567.06,78.84,9.2,256.24,5.97,0.4,134.89,0.395348731,7.694809178
E05000429,Stockwell,Lambeth,0.84,18411.97,80.04,8.7,113.68,8.89,0.4,140.37,0.404150906,7.694809178
E05000430,Streatham Hill,Lambeth,0.84,12575.02,79.19,7.6,135.56,6.23,0.14,128.24,0.139571804,7.692148526
E05000432,Streatham Wells,Lambeth,0.85,11728.46,79.77,5.5,233.91,5.79,0.47,108.86,0.467428838,7.692148526
E05000433,Thornton,Lambeth,0.88,13303.79,81.93,7.9,168.09,5.74,0.72,100.71,0.715169,7.692148526
E05000435,Tulse Hill,Lambeth,0.88,15988.34,80.01,9.6,150.7,10.64,1.07,139.52,1.072922292,7.593995653
E05000436,Vassall,Lambeth,0.85,14916.74,79.66,9.7,210.51,11.15,1.06,140.08,1.055670284,7.694809178
E05000437,Bellingham,Lewisham,0.79,5227.55,78.77,1.9,1400.23,9.07,0.81,122.48,0.809205618,7.73131121
E05000438,Blackheath,Lewisham,0.85,6677.04,80.28,3.9,814.14,4.62,0.5,120.86,0.496783312,7.655520747
E05000439,Brockley,Lewisham,0.86,11341.64,79.2,5.5,248.92,8.32,0.52,142.16,0.522674851,7.713258772
E05000440,Catford South,Lewisham,0.82,8448.61,80.58,2.7,66.69,6.47,0.13,74.4,0.130975998,7.655520747
E05000441,Crofton Park,Lewisham,0.85,9131.32,82.66,5.8,339.4,6.12,1.27,94.1,1.26734645,7.713258772
E05000442,Downham,Lewisham,0.78,6449.98,79.87,1.7,748.44,9.91,0.96,122.29,0.9575535,7.73131121
E05000443,Evelyn,Lewisham,0.84,12607.1,79.03,4.3,380.6,9.7,0.66,125.24,0.660102306,7.713258772
E05000444,Forest Hill,Lewisham,0.85,9085.34,79.52,4.6,267.96,7.46,1.01,109.04,1.00612739,7.73131121
E05000445,Grove Park,Lewisham,0.81,6522.16,79.66,2.2,563.06,6.93,1.16,99.62,1.156313837,7.655520747
E05000446,Ladywell,Lewisham,0.84,9475.45,80,5.8,399.63,5.87,0.21,125.25,0.205925129,7.713258772
E05000447,Lee Green,Lewisham,0.84,8782.75,81.09,3.8,219.3,5.98,0.55,104.46,0.546948146,7.655520747
E05000448,Lewisham Central,Lewisham,0.84,11732.98,77.35,3.4,301.65,8.04,0.63,160.5,0.628205811,7.655520747
E05000449,New Cross,Lewisham,0.83,10356.63,76.14,4.9,363.65,9.68,0.95,173.45,0.948528577,7.713258772
E05000450,Perry Vale,Lewisham,0.84,9888.36,80.54,4.1,207.37,7.04,0.51,113.72,0.510351859,7.73131121
E05000451,Rushey Green,Lewisham,0.81,9799.55,79.42,2.9,434.48,9.03,2.14,129.47,2.137483329,7.655520747
E05000452,Sydenham,Lewisham,0.82,9590.83,77.87,2.8,266.96,8.01,0.38,118.22,0.383082762,7.73131121
E05000453,Telegraph Hill,Lewisham,0.85,11502.59,79.72,6.5,286.47,8.48,0.36,96.47,0.364201688,7.713258772
E05000455,Abbey,Merton,0.87,7750.9,82.13,3.9,255.31,8.91,0.77,80.97,0.771849317,7.52746238
E05000456,Cannon Hill,Merton,0.85,4319.69,84.1,3.3,889.61,2.91,0.54,62.91,0.538423106,7.648017736
E05000457,Colliers Wood,Merton,0.86,10159.32,81.35,4.4,149.83,3.37,0.56,128.88,0.557865046,7.661897012
E05000458,Cricket Green,Merton,0.82,4009.01,79.74,2.4,1436.23,10.08,0.87,84.27,0.868027769,7.661897012
E05000460,Figge's Marsh,Merton,0.82,10589.68,79.06,2.8,270.93,9.03,0.18,119.89,0.177219762,7.661897012
E05000461,Graveney,Merton,0.85,11390.27,82.84,3.1,82.18,6.54,0.3,85.64,0.304393356,7.661897012
E05000462,Hillside,Merton,0.9,7920.61,86.33,2.8,129.27,1.25,0.22,44.32,0.221894856,7.52746238
E05000463,Lavender Fields,Merton,0.85,9475.42,81.8,3.4,223.34,5.63,0.48,97.87,0.484753754,7.661897012
E05000464,Longthornton,Merton,0.83,7292.37,81.03,2.1,480.92,5.73,1.09,86.66,1.09294949,7.661897012
E05000465,Lower Morden,Merton,0.84,5009.96,81.86,2.4,612.91,3.1,0.66,47.02,0.657409282,7.648017736
E05000466,Merton Park,Merton,0.86,5293.89,84.8,4.3,352.83,2.46,0.42,74.77,0.420021112,7.648017736
E05000467,Pollards Hill,Merton,0.84,5000.93,81.09,2.5,1132.1,8.05,0.58,104.92,0.580912839,7.661897012
E05000468,Ravensbury,Merton,0.8,5478.78,78.57,2.3,628.32,6.57,0.6,89.78,0.599503448,7.648017736
E05000469,Raynes Park,Merton,0.88,5506.75,80.5,3.7,424.63,1.75,0.41,60.34,0.409108672,7.648017736
E05000471,Trinity,Merton,0.88,9507.45,81.48,4,167.52,2.64,0.61,129.72,0.609905121,7.52746238
E05000472,Village,Merton,0.8,1378.1,78.32,4.1,1002.51,11.87,0.35,65.23,0.351893203,7.52746238
E05000473,West Barnes,Merton,0.86,5552.54,83.07,3.5,609.11,2.5,0.61,66.28,0.605947107,7.648017736
E05000474,Wimbledon Park,Merton,0.9,5176.96,84.72,4.8,508.1,1.89,0.27,63.95,0.266850512,7.52746238
E05000475,Beckton,Newham,0.83,2565.06,81.72,1.9,2380.1,6.07,3.8,103.39,3.799618423,8.155632411
E05000476,Boleyn,Newham,0.83,19348.25,81.61,1.3,63.3,9.27,1.61,113.99,1.613647882,8.01629452
E05000477,Canning Town North,Newham,0.81,7154.58,78.29,1.4,631.31,14.25,2.14,98.41,2.143193929,8.155632411
E05000478,Canning Town South,Newham,0.81,11027.52,78.27,2,315.25,8.65,1.98,121.96,1.984289953,8.155632411
E05000479,Custom House,Newham,0.82,6922.93,76.13,1.7,515.41,9,3.4,161.49,3.402226475,8.155632411
E05000480,East Ham Central,Newham,0.84,16595.77,81.13,1.2,113.71,8.34,1.68,154.48,1.682554338,7.996928315
E05000481,East Ham North,Newham,0.84,16133.85,76.98,0.8,106.72,9.09,1.5,89.71,1.502223839,7.996928315
E05000482,East Ham South,Newham,0.82,9148.45,78.9,1.5,667.55,9.63,0.89,101.38,0.891592755,7.996928315
E05000483,Forest Gate North,Newham,0.83,13662.12,79.1,2.9,170.76,8.67,0.61,115.44,0.61013529,7.643297659
E05000484,Forest Gate South,Newham,0.84,15895.13,77.6,2.2,39.64,9.77,1.2,134.52,1.199737113,7.643297659
E05000485,Green Street East,Newham,0.84,23619.11,82.24,1,11.28,9.38,0.62,83.68,0.624423633,8.01629452
E05000486,Green Street West,Newham,0.82,20556.52,81.17,1,46.74,9.74,0.92,92.88,0.918848486,8.01629452
E05000487,Little Ilford,Newham,0.81,9523.96,77.59,1.1,852.9,11.78,1.19,94.71,1.192685553,7.996928315
E05000488,Manor Park,Newham,0.83,11965.93,78.31,1.6,390.34,10.75,0.78,95.25,0.777044215,7.996928315
E05000489,Plaistow North,Newham,0.81,17212.03,79.39,1.8,115.49,11.03,0.96,92.47,0.961761739,8.01629452
E05000490,Plaistow South,Newham,0.84,13025.25,79.89,1.8,265.24,10.55,0.85,100.66,0.846534819,8.01629452
E05000491,Royal Docks,Newham,0.92,3218.86,79.83,1.8,540.95,5.54,2.04,97.48,2.04342473,8.155632411
E05000492,Stratford and New Town,Newham,0.87,7375.03,79.23,2.4,812.84,6.96,1.23,153.42,1.228147945,7.643297659
E05000493,Wall End,Newham,0.83,11670.78,80.98,0.9,411.47,8.06,0.73,80.27,0.734936437,7.996928315
E05000494,West Ham,Newham,0.83,12498.13,79.8,2.1,334.43,10.38,0.77,94.84,0.765401793,7.643297659
E05000495,Aldborough,Redbridge,0.82,1856.6,80.64,0.6,6543.32,5.09,0.48,110.21,0.477141931,7.755007322
E05000496,Barkingside,Redbridge,0.82,8891.29,84.93,0.7,64.82,4.01,0.31,85.46,0.314494284,7.755007322
E05000497,Bridge,Redbridge,0.84,4879.02,84.02,1.1,981.56,4.31,0.77,89.46,0.765335516,7.793614138
E05000498,Chadwell,Redbridge,0.84,10628.14,80.15,0.9,144.91,6.22,0.21,84.48,0.208605865,7.755007322
E05000499,Church End,Redbridge,0.86,8601.21,82.5,1.9,189.34,3.5,0.52,107.36,0.516515078,7.793614138
E05000500,Clayhall,Redbridge,0.83,5550.38,84.61,0.6,618.26,3.7,0.3,72.52,0.299483304,7.755007322
E05000501,Clementswood,Redbridge,0.83,13893,80.51,0.6,88.28,9.33,1.22,147.45,1.216730049,7.842634363
E05000502,Cranbrook,Redbridge,0.82,5719.87,79.98,0.9,900.3,4.87,0.54,102.65,0.543000958,7.842634363
E05000503,Fairlop,Redbridge,0.83,3760.99,81.29,0.6,1887.88,5.16,1.81,98.08,1.805335386,7.793614138
E05000504,Fullwell,Redbridge,0.81,6316.7,83.05,0.8,569.39,5.68,1.84,93.88,1.842970607,7.793614138
E05000505,Goodmayes,Redbridge,0.83,8686.89,80.68,0.8,382.69,8.04,0.76,108.31,0.758561945,7.755007322
E05000506,Hainault,Redbridge,0.78,2467.56,80.96,1,3402.26,8,2.6,95.95,2.602207719,7.793614138
E05000507,Loxford,Redbridge,0.81,14557.89,77.2,0.7,248.82,10.76,0.9,118.91,0.898843634,7.842634363
E05000508,Mayfield,Redbridge,0.83,7910.83,81.07,0.9,290.9,6.85,0.36,93.59,0.362552884,7.842634363
E05000509,Monkhams,Redbridge,0.85,3685.85,82.6,1.5,1090.35,1.95,0.29,69.55,0.285366899,7.793614138
E05000510,Newbury,Redbridge,0.83,8539.44,83.03,0.8,460.78,6.1,0.53,84.4,0.532355695,7.755007322
E05000512,Seven Kings,Redbridge,0.83,7989.43,79.83,0.8,503.59,7.46,0.46,86.64,0.457633358,7.755007322
E05000514,Valentines,Redbridge,0.83,10492.68,81.5,1.1,143.17,8.66,0.77,143.72,0.772145483,7.842634363
E05000515,Wanstead,Redbridge,0.83,2429.59,81.94,3.2,3228.48,2.99,1.46,139.71,1.460036238,7.793614138
E05000516,Barnes,Richmond upon Thames,0.88,3435.22,85.57,7.6,969.22,2.18,0.19,77.81,0.193665404,7.619581754
E05000517,East Sheen,Richmond upon Thames,0.91,1904.37,85.86,7.8,4237.17,1.44,0.19,73.52,0.192748357,7.619581754
E05000518,Fulwell and Hampton Hill,Richmond upon Thames,0.88,5694.47,82.26,7,598.75,2.04,0.2,42.71,0.196876912,7.535541275
E05000520,Hampton,Richmond upon Thames,0.86,1530.32,82.88,6,4225.61,1.82,69.58,64.08,0.499389084,7.535541275
E05000521,Hampton North,Richmond upon Thames,0.83,5003.08,84.06,5.5,494.48,2.85,92.08,87.71,0.424962182,7.535541275
E05000522,Hampton Wick,Richmond upon Thames,0.88,4144.57,83.44,6.6,1188.26,1.56,97.99,71.14,0.683001663,7.535541275
E05000523,Heathfield,Richmond upon Thames,0.83,5707.11,83.49,3.6,5954.76,4.04,100,85.06,0.967012508,7.520042539
E05000524,Kew,Richmond upon Thames,0.89,3344.62,85.06,5.7,1573.11,1.54,62.1,70.2,0.174410633,7.619581754
E05000525,Mortlake and Barnes Common,Richmond upon Thames,0.88,5971.62,82.81,8.6,665.01,2.28,100,75.06,0.456671856,7.619581754
E05000526,North Richmond,Richmond upon Thames,0.88,4281.43,84.54,6.2,1416.07,2.04,58.29,90.1,0.46825054,7.619581754
E05000528,South Richmond,Richmond upon Thames,0.9,4256.69,84.27,3.8,1281.32,1.92,100,89,0.092170055,7.619581754
E05000529,South Twickenham,Richmond upon Thames,0.91,6095.54,83.55,5.9,394.38,1.34,97.79,47.81,0.099857815,7.520042539
E05000530,Teddington,Richmond upon Thames,0.88,2560.06,82.9,5.5,2620.06,1.71,86.65,49.52,0.386168441,7.535541275
E05000531,Twickenham Riverside,Richmond upon Thames,0.9,5653.92,82.38,4.8,492.8,1.35,100,66.8,0.383716814,7.520042539
E05000532,West Twickenham,Richmond upon Thames,0.87,4540.72,83.62,6.2,1091.64,1.88,99.89,70.73,0,7.520042539
E05000533,Whitton,Richmond upon Thames,0.84,6356.13,83.03,5.4,314.24,2.65,64.53,82.48,0.306792453,7.520042539
E05000534,Brunswick Park,Southwark,0.83,14807.49,82.86,10.3,892.16,3.84,99.31,104.05,1.212759185,7.660313901
E05000535,Camberwell Green,Southwark,0.84,17105.64,75.81,7.5,110.45,11.67,99.37,137.57,0.465000609,7.660313901
E05000537,Chaucer,Southwark,0.87,19828.68,82.52,7,176.64,6.38,0,94.85,0.986845033,7.711332405
E05000538,College,Southwark,0.85,3924.86,84.27,5.4,1549.91,6.16,97.82,123.21,0.507224311,7.660313901
E05000539,East Dulwich,Southwark,0.9,13244.36,81.12,8.9,26.57,4.62,89.44,93.6,0.081045012,7.660313901
E05000541,Faraday,Southwark,0.84,16136.83,81.1,6.9,306.01,10.59,100,151.42,3.422108119,7.711332405
E05000543,Livesey,Southwark,0.81,10636.49,79.89,4.9,186.38,12.89,58.48,140.49,1.201461186,7.604269317
E05000544,Newington,Southwark,0.82,18418.27,79.13,8.7,157.61,7.74,40.76,142.82,0.706391903,7.711332405
E05000545,Nunhead,Southwark,0.8,11195.92,76.48,7.4,382.8,11.59,50.77,125.23,0.513207721,7.604269317
E05000546,Peckham,Southwark,0.83,17866.97,77.13,5,132.84,14.34,83.46,143.12,0.949713201,7.604269317
E05000547,Peckham Rye,Southwark,0.85,6548.16,81.07,9.2,1062.76,5.85,100,99.06,0.812554485,7.604269317
E05000548,Riverside,Southwark,0.86,12725.98,79.61,5.5,125.15,4.94,51.17,57.58,1.318454224,8.035989319
E05000549,Rotherhithe,Southwark,0.85,10795.58,79.76,5.4,409.78,6.02,100,144.15,0.944569797,8.035989319
E05000550,South Bermondsey,Southwark,0.83,15427.54,79.98,6.3,171.14,8.72,100,133.25,1.95653128,8.035989319
E05000551,South Camberwell,Southwark,0.84,10019.53,82.4,8.8,376.47,6.82,71.19,105.64,0.237205383,7.660313901
E05000552,Surrey Docks,Southwark,0.89,8414.52,80.04,6.3,307.2,3.54,100,133.37,0.743249419,8.035989319
E05000553,The Lane,Southwark,0.83,12261.15,79.6,9.9,144.95,9.77,50.04,169.47,0.449077363,7.604269317
E05000554,Village,Southwark,0.8,4659.61,78.32,10.2,1002.51,11.87,100,104.52,0.241547072,7.660313901
E05000555,Beddington North,Sutton,0.84,2162.45,82.29,2.2,2132.6,3.59,97.83,55.52,0.675628572,7.816575778
E05000556,Beddington South,Sutton,0.84,3695.85,80.98,1.6,1278.47,6.1,96.89,82.46,1.399186064,7.816575778
E05000557,Belmont,Sutton,0.85,4575.52,84.5,1.6,274.54,2.86,98.6,32.53,0.396101851,7.790517773
E05000558,Carshalton Central,Sutton,0.86,5459.3,82.7,2.9,466.92,3.16,70.78,78.83,0.594685436,7.816575778
E05000559,Carshalton South and Clockhouse,Sutton,0.86,1519.27,82.52,1.7,4724.68,2.88,62.88,53.14,1.126617225,7.816575778
E05000560,Cheam,Sutton,0.86,2833.16,82.58,1.8,947.6,1.89,91.62,50.32,0.38697437,7.790517773
E05000561,Nonsuch,Sutton,0.86,5836.83,85.32,2.3,179.76,1.81,92.48,67.34,0.467534935,7.837881964
E05000563,Stonecot,Sutton,0.84,5599.19,81.44,1.9,421.03,2.81,25.93,66.94,0.278661646,7.837881964
E05000564,Sutton Central,Sutton,0.83,9999.24,80.18,2.2,149.98,5.54,12.01,114.56,1.176667156,7.790517773
E05000565,Sutton North,Sutton,0.83,6086.4,81.67,2.1,461.85,3.46,41.59,66.36,1.345254456,7.790517773
E05000566,Sutton South,Sutton,0.83,8242.92,80.47,1.7,167.77,3.71,83.85,51.54,0.207314897,7.790517773
E05000567,Sutton West,Sutton,0.86,6383.92,81.21,2.2,420.9,2.36,57.38,57.12,0.47219431,7.790517773
E05000568,The Wrythe,Sutton,0.83,7683.54,80.55,2.3,242.77,4.13,82.7,81.66,1.370669083,7.837881964
E05000569,Wallington North,Sutton,0.84,7329.62,81.74,2,322.13,3.21,93.52,78.04,0.467139835,7.816575778
E05000570,Wallington South,Sutton,0.82,6438.63,81.59,1.8,193.06,4.44,12.28,78.03,1.17059747,7.816575778
E05000571,Wandle Valley,Sutton,0.82,6550.36,79.56,3,804.93,6.42,100,88.81,0.941108026,7.837881964
E05000572,Worcester Park,Sutton,0.85,6640.78,82.99,2.7,498.82,2.26,58.01,55.21,0.512230553,7.837881964
E05000575,Blackwall and Cubitt Town,Tower Hamlets,0.89,9946.07,80.49,3,431.23,6.5,87.76,60.58,1.734089975,8.423185776
E05000576,Bow East,Tower Hamlets,0.83,9892.9,77.6,9.3,577.59,9.9,100,119.12,3.156108349,7.727915624
E05000577,Bow West,Tower Hamlets,0.83,10685.97,79.66,11,503.26,8.43,100,167.14,3.06843651,7.727915624
E05000578,Bromley-by-Bow,Tower Hamlets,0.81,19471.14,80.22,4.8,155.49,14.95,100,88.73,2.536243957,7.727915624
E05000580,Limehouse,Tower Hamlets,0.88,17372.15,77.19,4.5,150.21,11.05,75.64,95.19,2.980295258,8.423185776
E05000581,Mile End and Globe Town,Tower Hamlets,0.82,18284.44,77.47,8.9,154.46,11.13,100,86.95,1.176176761,7.834292413
E05000586,Shadwell,Tower Hamlets,0.8,16963.66,78.95,5.4,101.06,14.4,44.89,98.65,2.4961863,8.076467392
E05000587,Spitalfields and Banglatown,Tower Hamlets,0.83,19037.62,78.62,7.5,38.47,10.79,0,103.4,1.061460966,7.834292413
E05000588,Weavers,Tower Hamlets,0.82,20043.65,78.18,12.1,182.74,11.54,86.17,235.89,0.977079547,7.834292413
E05000589,Whitechapel,Tower Hamlets,0.85,21299.56,77.9,7.1,84.26,9.22,0,78.16,1.936772473,8.076467392
E05000590,Cann Hall,Waltham Forest,0.83,16600,78.42,3,60.27,10.26,92.02,103.83,1.22509003,7.744466109
E05000591,Cathall,Waltham Forest,0.83,12881.74,79.46,2.6,238.9,12.92,40.64,102.22,0.704701973,7.744466109
E05000592,Chapel End,Waltham Forest,0.85,8530.94,82.91,3,592.1,7.99,73.43,96.77,0.847149894,7.770076841
E05000593,Chingford Green,Waltham Forest,0.8,2920.06,81.9,1.1,2185.36,4.78,100,86.31,1.450004059,7.770076841
E05000594,Endlebury,Waltham Forest,0.81,5876.47,84.44,1.2,429.04,4.65,100,79.67,0.648731546,7.770076841
E05000595,Forest,Waltham Forest,0.83,6615.11,80.77,3.5,767.67,7.13,73.8,102.64,2.444824832,7.744466109
E05000596,Grove Green,Waltham Forest,0.85,17795.1,81.83,3.1,38.08,7.14,2.13,89.19,0.340459047,7.744466109
E05000597,Hale End and Highams Park,Waltham Forest,0.84,5474.47,83.41,2.3,1009.16,6.62,100,87.46,0.525449291,7.770076841
E05000598,Hatch Lane,Waltham Forest,0.8,4808.52,80.4,1.8,892.68,6.54,100,97.11,1.258978023,7.770076841
E05000599,High Street,Waltham Forest,0.85,5184.25,82.09,4.1,927.56,8.14,2.76,229.65,1.54860064,7.766306459
E05000600,Higham Hill,Waltham Forest,0.81,5020.17,79.3,2.3,906.03,11.28,63.45,84.54,0.979791283,7.766306459
E05000601,Hoe Street,Waltham Forest,0.83,13859.62,79.08,3.1,159.07,11.62,9.61,128.79,0.428872679,7.766306459
E05000602,Larkswood,Waltham Forest,0.8,5895.12,82.16,1.6,676.71,6.39,93.95,114.05,0.613997485,7.770076841
E05000603,Lea Bridge,Waltham Forest,0.82,6499.43,76.87,3.9,982.52,11.68,26.74,117.3,1.649845727,7.744466109
E05000604,Leyton,Waltham Forest,0.83,7773.08,80.35,2.7,566.59,12.47,3.41,113.92,2.033133865,7.744466109
E05000605,Leytonstone,Waltham Forest,0.85,10283.97,79.35,2.9,115.97,7.29,87.56,128.65,1.544239124,7.744466109
E05000606,Markhouse,Waltham Forest,0.82,10674,79.94,3.3,460.34,11.29,0.18,114.99,1.677287623,7.766306459
E05000607,Valley,Waltham Forest,0.81,6151.94,81.29,1.8,401.75,7.82,79.93,158.03,0.695150496,7.770076841
E05000608,William Morris,Waltham Forest,0.84,15564.56,79.49,3.7,53.52,8.96,8.34,95.62,0.44965534,7.766306459
E05000609,Wood Street,Waltham Forest,0.83,7982.66,79.53,3.7,709.5,9.71,95.65,99.73,0.520712858,7.766306459
E05000610,Balham,Wandsworth,0.89,12590.23,83.59,7.9,138.14,2.28,100,141.78,0.270546758,7.450091055
E05000612,Earlsfield,Wandsworth,0.89,11718.64,81.06,6.5,236.24,3.02,92.41,84.15,0.387509894,7.614592821
E05000613,East Putney,Wandsworth,0.89,10055.94,83.04,7.1,186.67,2.14,59.04,73.53,0.332082548,7.990104503
E05000614,Fairfield,Wandsworth,0.85,10706.53,80.71,7.7,1233.75,4.07,32.07,101.09,0.136550853,7.990104503
E05000615,Furzedown,Wandsworth,0.84,10939.14,81.47,7.2,222.3,6.36,87.42,76.37,0,7.614592821
E05000616,Graveney,Wandsworth,0.85,15963.29,82.84,5.5,82.18,6.54,52.77,138.65,0.262589501,7.614592821
E05000617,Latchmere,Wandsworth,0.91,14343.78,78.67,7,205.84,7.87,57.13,121.62,0.974451889,7.450091055
E05000619,Northcote,Wandsworth,0.92,9395.47,82.92,8.8,553.33,2.31,100,146.44,0,7.450091055
E05000620,Queenstown,Wandsworth,0.85,6566.71,80.21,8.6,876.9,4.69,89.25,78.75,1.221858805,7.450091055
E05000623,Shaftesbury,Wandsworth,0.85,15041.14,80.06,9.2,58.6,2.77,100,127.42,0.281838646,7.450091055
E05000624,Southfields,Wandsworth,0.9,11694.48,82.44,7.3,248.84,2.64,89.78,99.53,0.67512284,7.990104503
E05000625,Thamesfield,Wandsworth,0.91,8858.93,84.58,8.6,379.22,1.3,83.59,113.61,0.201665976,7.990104503
E05000626,Tooting,Wandsworth,0.86,10523.69,80.18,4.3,428.79,5.61,92.57,74.33,0.614390546,7.614592821
E05000627,Wandsworth Common,Wandsworth,0.88,5384.42,79.98,9.3,1097.93,2.02,98.83,83.93,1.112418818,7.614592821
E05000628,West Hill,Wandsworth,0.86,9910.55,78.92,4.9,401.73,4.64,95.58,63.19,0.243313939,7.990104503
E05000629,West Putney,Wandsworth,0.86,8320.69,80.82,7.2,336.86,3.79,100,74.79,0.203033945,7.990104503
E05000630,Abbey Road,Westminster,0.85,11939.73,86.82,3.1,84.38,2.26,56.97,60.56,0,7.993658329
E05000631,Bayswater,Westminster,0.87,22308.88,84.22,6.3,25.07,4.2,95.15,134.51,0.096997188,7.934761553
E05000632,Bryanston and Dorset Square,Westminster,0.87,19114.8,86.29,4.8,25.76,3.56,100,104.37,0.166636817,7.934761553
E05000633,Churchill,Westminster,0.74,19535.3,83.91,5.4,54.41,6.58,90.31,117.68,0.207750268,8.006510978
E05000634,Church Street,Westminster,0.74,28862.61,79.69,4,52.73,12.27,87.92,96.47,0.594685142,7.993658329
E05000635,Harrow Road,Westminster,0.81,27559.6,79.81,6.6,19.57,10.5,100,109.19,0.498124167,7.993658329
E05000636,Hyde Park,Westminster,0.86,16072.99,84,4.6,124.36,2.91,95.23,64.82,0,7.934761553
E05000637,Knightsbridge and Belgravia,Westminster,0.89,2836.07,92.5,2.9,1861.39,0.41,100,71.55,0.215549307,8.006510978
E05000638,Lancaster Gate,Westminster,0.89,23795.24,84.24,6,57.57,3.29,100,189.11,0.15143176,7.934761553
E05000639,Little Venice,Westminster,0.85,19399.37,81.7,4.6,117.43,3.33,17.94,116.72,0.093959469,7.993658329
E05000640,Maida Vale,Westminster,0.84,18109.91,83.46,5.3,161.87,4.69,21.59,118.49,0.39140883,7.993658329
E05000641,Marylebone High Street,Westminster,0.9,12043.96,84.92,4.4,73.05,1.26,99.2,75.71,0,7.934761553
E05000642,Queen's Park,Westminster,0.77,23746.14,78.51,6.1,27.98,13.31,100,107.54,0.477149266,7.993658329
E05000643,Regent's Park,Westminster,0.83,6017.29,79.79,3.5,367.7,6.4,100,71.21,0.082793655,7.993658329
E05000646,Vincent Square,Westminster,0.84,17444.61,82.56,4.3,69.51,4.16,59.33,38.59,0.600162818,8.006510978
E05000648,Westbourne,Westminster,0.77,20633.53,77.97,5.1,127.51,9.38,86.62,101.41,0.46981944,7.993658329
E05000649,West End,Westminster,0.86,6684.87,84.39,3.4,69.15,3.14,86.43,123.7,0.661323619,8.006510978
